unit,yr,quarter,cum_tests_orig,new_tests_orig,new_cases_orig,new_deaths_orig
AFG,2020,1,10248,1150,168,4
AFG,2020,2,2461643,69638,31279,735
AFG,2020,3,8672233,38681,7909,723
AFG,2020,4,12748197,56159,12976,727
AFG,2021,1,22413288,170337,4124,295
AFG,2021,2,37157913,231165,62205,2387
AFG,2021,3,66163025,191773,36515,2333
AFG,2021,4,72255070,62084,2910,152
AFG,2022,1,78006584,101539,19669,314
AFG,2022,2,12057601,9204,510,6
AGO,2020,1,784,231,7,2
AGO,2020,2,589317,22664,277,11
AGO,2020,3,5120215,44728,4688,170
AGO,2020,4,13743847,232749,12581,225
AGO,2021,1,32644654,128119,4758,132
AGO,2021,2,48755634,206432,16538,363
AGO,2021,3,77592794,359472,17734,637
AGO,2021,4,105732282,274485,25010,233
AGO,2022,1,125568704,225239,17576,130
AGO,2022,2,19480443,5676,25,0
ALB,2020,1,0,0,243,15
ALB,2020,2,1150607,26663,2292,47
ALB,2020,3,4904291,61377,11114,325
ALB,2020,4,13659441,135744,44667,794
ALB,2021,1,36447681,326176,66841,1054
ALB,2021,2,61809302,251024,7364,221
ALB,2021,3,90639876,397170,37610,242
ALB,2021,4,123982500,280405,40093,519
ALB,2022,1,151256030,286783,63453,275
ALB,2022,2,23149620,18349,595,2
AND,2020,1,0,0,376,12
AND,2020,2,0,0,479,40
AND,2020,3,0,0,1195,1
AND,2020,4,0,0,5999,31
AND,2021,1,12044423,168244,3961,31
AND,2021,2,16854531,28538,1901,12
AND,2021,3,18962925,17312,1311,3
AND,2021,4,21232084,52716,8518,10
AND,2022,1,26443962,33497,16284,15
AND,2022,2,3903991,0,304,0
ARE,2020,1,2095000,0,664,6
ARE,2020,2,154053848,3131566,48003,309
ARE,2020,3,524831167,5893410,45523,104
ARE,2020,4,1325320115,11037151,113632,250
ARE,2021,1,2567142855,17411921,253622,828
ARE,2021,2,4311454444,20136629,171463,314
ARE,2021,3,6478493935,26239703,103085,286
ARE,2021,4,8859255725,24952124,25945,67
ARE,2022,1,11659507344,39149652,129363,138
ARE,2022,2,1947913854,3268975,2886,0
ARG,2020,1,37851,5651,1054,27
ARG,2020,2,11435531,346751,63476,1280
ARG,2020,3,94834334,1625911,686471,15630
ARG,2020,4,338989385,2704997,874513,26308
ARG,2021,1,605963071,4197170,723307,12613
ARG,2021,2,1147779098,7815191,2121553,38446
ARG,2021,3,1893272201,7158028,786528,20875
ARG,2021,4,2364966489,4258968,397506,1990
ARG,2022,1,2964642600,7288315,3383503,10850
ARG,2022,2,461964567,256490,18292,249
ARM,2020,1,23936,3065,532,3
ARM,2020,2,4091698,108779,25010,440
ARM,2020,3,17487732,180349,24817,516
ARM,2020,4,41699130,291451,109050,1864
ARM,2021,1,62721457,270185,33230,692
ARM,2021,2,93842267,331173,32456,999
ARM,2021,3,132355402,466452,36602,805
ARM,2021,4,165027282,159677,83233,2655
ARM,2022,1,237855040,1164092,77589,641
ARM,2022,2,38883723,30488,172,8
ATA,2020,1,0,0,0,0
ATA,2020,2,0,0,0,0
ATA,2020,3,0,0,0,0
ATA,2020,4,0,0,0,0
ATA,2021,1,0,0,0,0
ATA,2021,2,0,0,0,0
ATA,2021,3,0,0,0,0
ATA,2021,4,0,0,11,0
ATA,2022,1,0,0,0,0
ATA,2022,2,0,0,0,0
ATG,2020,1,0,0,7,0
ATG,2020,2,5005,57,62,3
ATG,2020,3,5244,0,33,0
ATG,2020,4,134930,5727,58,2
ATG,2021,1,950540,7829,977,23
ATG,2021,2,1312871,3087,128,14
ATG,2021,3,1536400,0,1968,37
ATG,2021,4,1536400,0,1052,40
ATG,2022,1,1503000,0,3208,16
ATG,2022,2,217100,0,32,0
AUS,2020,1,2482739,245623,4559,18
AUS,2020,2,99498359,2210359,3361,87
AUS,2020,3,477916038,5181421,19176,784
AUS,2020,4,863288715,3457763,1329,21
AUS,2021,1,1226130730,4478742,897,0
AUS,2021,2,1616995460,5071697,1321,1
AUS,2021,3,2625962161,17160708,76538,403
AUS,2021,4,4222634412,17113339,318315,942
AUS,2022,1,5574027890,11587248,4177000,3755
AUS,2022,2,875235691,1411162,634584,640
AUT,2020,1,503286,52344,10180,128
AUT,2020,2,31893844,560412,7586,577
AUT,2020,3,96487148,1005231,27047,95
AUT,2020,4,247289065,2139250,316002,5424
AUT,2021,1,1129858686,19694284,185414,3117
AUT,2021,2,3431543988,31644756,104183,1365
AUT,2021,3,6574247213,32088542,92683,317
AUT,2021,4,9602917850,36394390,535524,2724
AUT,2022,1,13462316294,52038078,2552429,2132
AUT,2022,2,2316559305,4236025,173021,421
AZE,2020,1,0,0,298,5
AZE,2020,2,21130957,482170,17226,208
AZE,2020,3,75080797,633578,22705,378
AZE,2020,4,145191696,1037814,178471,2050
AZE,2021,1,225956612,720096,43013,926
AZE,2021,2,306265338,875645,74334,1407
AZE,2021,3,392406817,1109712,147855,1551
AZE,2021,4,493997125,1004870,133045,1833
AZE,2022,1,570986251,837788,174985,1334
AZE,2022,2,87496145,53530,357,11
BDI,2020,1,0,0,2,0
BDI,2020,2,57525,2359,168,1
BDI,2020,3,1731411,35163,338,0
BDI,2020,4,4460549,39440,310,1
BDI,2021,1,8760011,39832,1992,4
BDI,2021,2,23336542,203502,2642,2
BDI,2021,3,44135852,426615,12276,30
BDI,2021,4,78493456,340106,9638,0
BDI,2022,1,122015852,369638,11143,0
BDI,2022,2,19067591,14839,189,0
BEL,2020,1,617614,58192,12775,705
BEL,2020,2,43217947,897411,48652,9042
BEL,2020,3,174611076,2202219,57025,386
BEL,2020,4,479445434,3226995,528044,9512
BEL,2021,1,793035395,7860768,235957,3488
BEL,2021,2,1203075255,4116580,202678,2157
BEL,2021,3,1638983858,4791114,159823,429
BEL,2021,4,2143180322,7209216,860389,2729
BEL,2022,1,2754284816,5519631,1745705,2495
BEL,2022,2,429413336,500067,92783,253
BEN,2020,1,0,0,9,0
BEN,2020,2,821615,20014,1399,21
BEN,2020,3,6616634,137945,1158,20
BEN,2020,4,25001376,221801,894,3
BEN,2021,1,41036900,205000,3849,46
BEN,2021,2,57004070,55826,1099,14
BEN,2021,3,58933912,0,15691,55
BEN,2021,4,58933912,0,1045,2
BEN,2022,1,55258524,-36276,2017,2
BEN,2022,2,7856030,0,0,0
BFA,2020,1,377,99,261,14
BFA,2020,2,303021,8941,701,39
BFA,2020,3,2348499,38584,1094,5
BFA,2020,4,6184658,46770,4651,27
BFA,2021,1,12402589,76114,6010,61
BFA,2021,2,17011381,30641,762,22
BFA,2021,3,20466074,45868,764,16
BFA,2021,4,24569863,52435,3389,134
BFA,2022,1,28261911,25321,3221,64
BFA,2022,2,4222049,0,12,1
BGD,2020,1,11288,1602,51,5
BGD,2020,2,22096549,767858,145432,1842
BGD,2020,3,124955513,1178195,217996,3404
BGD,2020,4,234110718,1057857,150031,2308
BGD,2021,1,346995137,1665064,97785,1487
BGD,2021,2,514652835,1938351,301963,5457
BGD,2021,3,761949924,2918223,642653,13007
BGD,2021,4,958646657,1902084,29628,562
BGD,2022,1,1148395384,2394773,366038,1050
BGD,2022,2,180246244,76267,554,2
BGR,2020,1,2320,145,399,8
BGR,2020,2,5172448,95675,4590,222
BGR,2020,3,30455741,428529,15844,595
BGR,2020,4,77463615,606280,181433,6751
BGR,2021,1,139560780,967797,140367,5621
BGR,2021,2,242473819,1080894,79196,4864
BGR,2021,3,361469034,1606924,80333,2821
BGR,2021,4,558167896,2633152,244946,10073
BGR,2022,1,705828743,2169499,391815,5574
BGR,2022,2,125571842,126444,8242,211
BHR,2020,1,485162,33852,567,4
BHR,2020,2,22213140,511273,26191,83
BHR,2020,3,89450777,884307,44106,164
BHR,2020,4,175042242,897412,21811,101
BHR,2021,1,262323512,1237037,51770,169
BHR,2021,2,395004403,1462523,121382,831
BHR,2021,3,523866441,1401023,9230,37
BHR,2021,4,660002440,1578211,7005,5
BHR,2022,1,810284111,1597652,272407,77
BHR,2022,2,125233246,53923,6596,2
BHS,2020,1,0,0,14,0
BHS,2020,2,103092,2404,90,11
BHS,2020,3,785858,17857,4019,85
BHS,2020,4,3224867,28851,3748,74
BHS,2021,1,4879462,12089,1248,18
BHS,2021,2,5615568,46277,3467,58
BHS,2021,3,11644883,32484,8398,285
BHS,2021,4,14943520,37181,3540,186
BHS,2022,1,18179438,50707,8807,71
BHS,2022,2,2974249,1350,83,1
BIH,2020,1,7762,1056,420,13
BIH,2020,2,2472283,54310,4033,173
BIH,2020,3,9574596,102786,23016,670
BIH,2020,4,22619946,176422,83516,3205
BIH,2021,1,38896996,210982,58641,2549
BIH,2021,2,59091549,172579,35396,3066
BIH,2021,3,71777126,143862,29753,952
BIH,2021,4,87590459,186467,56538,2836
BIH,2022,1,105381481,188938,84127,2271
BIH,2022,2,16146452,8369,824,29
BLR,2020,1,386000,30000,152,1
BLR,2020,2,36134635,970785,61966,391
BLR,2020,3,130472065,840919,16513,441
BLR,2020,4,247716948,1783916,115653,591
BLR,2021,1,418401486,1742792,127523,823
BLR,2021,2,554235246,1427082,95382,896
BLR,2021,3,695072076,1703836,120897,1000
BLR,2021,4,915140742,2522919,161024,1435
BLR,2022,1,1084117107,1833383,263597,1241
BLR,2022,2,168057442,131543,8043,63
BLZ,2020,1,91,13,3,0
BLZ,2020,2,102641,2268,21,2
BLZ,2020,3,607776,12683,1968,25
BLZ,2020,4,2808786,33900,8784,221
BLZ,2021,1,6845651,50627,1680,70
BLZ,2021,2,11337212,54257,795,12
BLZ,2021,3,18447521,105592,7550,85
BLZ,2021,4,29597139,104575,12039,191
BLZ,2022,1,41565687,156305,24440,52
BLZ,2022,2,6800939,4231,38,18
BMU,2020,2,355188,11298,0,0
BMU,2020,3,3131639,52760,0,0
BMU,2020,4,9037345,73490,0,0
BMU,2021,1,15184343,60440,0,0
BMU,2021,2,23365802,122666,0,0
BMU,2021,3,38949489,220653,0,0
BMU,2021,4,56955630,157721,0,0
BMU,2022,1,69717716,138386,0,0
BMU,2022,2,10987724,11078,0,0
BOL,2020,1,4837,814,107,6
BOL,2020,2,1985053,78436,33112,1117
BOL,2020,3,18567237,222640,102092,6842
BOL,2020,4,31854380,75065,24813,1200
BOL,2021,1,56392954,531364,112287,3092
BOL,2021,2,116659580,926001,167213,4510
BOL,2021,3,200334996,610438,60821,1968
BOL,2021,4,249857668,591277,99308,945
BOL,2022,1,274846836,17913,302190,2214
BOL,2022,2,39701324,0,1641,5
BRA,2020,1,653274,45708,5717,201
BRA,2020,2,523948816,11355520,1426748,59591
BRA,2020,3,1239769336,3772072,3404696,84286
BRA,2020,4,1527708676,2993888,2863667,50994
BRA,2021,1,1980168682,5394309,5082360,127066
BRA,2021,2,2144096227,0,5806904,196350
BRA,2021,3,2167657724,0,2862066,78544
BRA,2021,4,5355948206,42539120,859477,22302
BRA,2022,1,6155366872,4822598,7659831,40688
BRA,2022,2,922001795,0,232616,1719
BRB,2020,1,861,287,34,0
BRB,2020,2,341613,7534,63,7
BRB,2020,3,1342359,15647,93,0
BRB,2020,4,3786426,30966,193,0
BRB,2021,1,9862864,86460,3269,35
BRB,2021,2,14761952,44882,429,5
BRB,2021,3,22449754,124810,4300,27
BRB,2021,4,37556343,161359,20184,186
BRB,2022,1,49969944,140337,30707,114
BRB,2022,2,8055235,12753,3696,5
BRN,2020,1,61233,6421,129,1
BRN,2020,2,1573060,23126,12,2
BRN,2020,3,4191483,29367,5,0
BRN,2020,4,6647826,22994,11,0
BRN,2021,1,8756006,32226,55,0
BRN,2021,2,11369095,26748,48,0
BRN,2021,3,18874079,185109,6856,39
BRN,2021,4,50523564,343897,8372,56
BRN,2022,1,60289920,0,118942,110
BRN,2022,2,8708544,0,4649,8
BTN,2020,1,3481,667,4,0
BTN,2020,2,1239900,24381,73,0
BTN,2020,3,6731378,104851,205,0
BTN,2020,4,15915145,34810,388,0
BTN,2021,1,40803904,370243,203,1
BTN,2021,2,66623168,212076,1227,0
BTN,2021,3,73468716,0,501,2
BTN,2021,4,108839854,490303,59,0
BTN,2022,1,138916612,454447,25441,7
BTN,2022,2,22663199,0,16955,4
BWA,2020,1,1286,259,4,1
BWA,2020,2,1244554,36609,223,0
BWA,2020,3,8627895,147208,2945,15
BWA,2020,4,32434376,329776,11633,26
BWA,2021,1,64189599,412337,25043,526
BWA,2021,2,99313405,356546,29832,557
BWA,2021,3,142165031,464964,109540,1243
BWA,2021,4,170835716,268179,40289,76
BWA,2022,1,191372183,203591,86017,242
BWA,2022,2,28853097,0,333,2
CAF,2020,1,0,0,3,0
CAF,2020,2,827225,23208,3742,47
CAF,2020,3,2730361,8851,1084,15
CAF,2020,4,3101353,2620,134,1
CAF,2021,1,3308493,5141,198,4
CAF,2021,2,4613671,17240,1980,31
CAF,2021,3,5681391,8767,4230,2
CAF,2021,4,6490643,10418,792,1
CAF,2022,1,7426800,11292,2486,12
CAF,2022,2,1146692,1966,0,0
CAN,2020,1,1785655,236851,10711,303
CAN,2020,2,118303974,2484758,93897,8657
CAN,2020,3,439910320,4573415,57952,597
CAN,2020,4,969243472,6048321,427689,7128
CAN,2021,1,1914567161,14206963,400418,6874
CAN,2021,2,2985823949,9155187,429081,3088
CAN,2021,3,3630344172,6300524,209278,1332
CAN,2021,4,4354612409,9271257,594709,2591
CAN,2022,1,5113065291,7065401,1266175,7370
CAN,2022,2,775373288,595424,55600,275
CHE,2020,1,947662,111000,16605,485
CHE,2020,2,30754777,455594,15109,1324
CHE,2020,3,85107443,801101,21568,99
CHE,2020,4,218369131,2108982,399014,5965
CHE,2021,1,425577242,2536289,148828,2511
CHE,2021,2,661838175,2294002,101880,478
CHE,2021,3,868237353,2525653,137359,318
CHE,2021,4,1139705959,3435001,492252,1144
CHE,2022,1,1626353326,6502677,2164884,1391
CHE,2022,2,271452716,260312,71117,56
CHL,2020,1,172933,32096,2844,12
CHL,2020,2,37855501,1077696,276549,5676
CHL,2020,3,190965840,2212523,183598,7053
CHL,2020,4,446015894,3014624,145982,3867
CHL,2021,1,782764507,4872446,386565,6527
CHL,2021,2,1271787902,5736571,560364,9410
CHL,2021,3,1790106906,4863591,98362,4923
CHL,2021,4,2264652128,5552828,152230,1860
CHL,2022,1,2765521599,8138097,1664442,17465
CHL,2022,2,467018108,744193,44942,514
CHN,2020,1,13120000,320000,83238,3292
CHN,2020,2,656880000,89680000,4545,1332
CHN,2020,3,8280000000,0,7225,98
CHN,2020,4,8280000000,0,7035,43
CHN,2021,1,8100000000,0,7538,59
CHN,2021,2,8190000000,0,3468,6
CHN,2021,3,8280000000,0,6149,5
CHN,2021,4,8280000000,0,8170,0
CHN,2022,1,8100000000,0,1257599,7614
CHN,2022,2,1170000000,0,269982,1061
CIV,2020,1,0,0,179,1
CIV,2020,2,1382889,48340,9320,67
CIV,2020,3,9305254,77632,10225,52
CIV,2020,4,18614312,125279,2800,17
CIV,2021,1,33386634,263586,21399,107
CIV,2021,2,55942696,184241,4416,69
CIV,2021,3,77599812,312387,11948,311
CIV,2021,4,102914053,197338,10751,90
CIV,2022,1,123666377,261471,10737,82
CIV,2022,2,19210703,12677,93,1
CMR,2020,1,0,0,193,6
CMR,2020,2,1487540,80000,12399,307
CMR,2020,3,18104064,373441,8246,105
CMR,2020,4,52267511,205873,5439,30
CMR,2021,1,79550852,418060,21392,273
CMR,2021,2,137024129,674400,33189,603
CMR,2021,3,170189907,215013,11445,135
CMR,2021,4,199041188,343526,17064,392
CMR,2022,1,218488480,214357,10177,76
CMR,2022,2,32820710,0,236,0
COD,2020,1,0,0,98,8
COD,2020,2,618634,24657,6941,162
COD,2020,3,4343952,35435,3620,102
COD,2020,4,6432606,30276,6999,319
COD,2021,1,10398195,43165,10484,152
COD,2021,2,15578521,52162,12694,181
COD,2021,3,25756953,178930,16101,160
COD,2021,4,43594703,499572,17856,121
COD,2022,1,84387671,112203,11955,132
COD,2022,2,12757835,8573,0,0
COG,2020,1,0,0,19,0
COG,2020,2,282872,11790,1068,37
COG,2020,3,2265522,24142,4002,83
COG,2020,4,3864804,12242,2018,19
COG,2021,1,7904928,56299,2574,27
COG,2021,2,12714099,58516,2915,30
COG,2021,3,18154531,68157,1648,28
COG,2021,4,24615904,77919,5845,174
COG,2022,1,30335770,57801,3982,18
COG,2022,2,4769258,0,8,0
COL,2020,1,114665,13803,906,16
COL,2020,2,22952333,729634,96940,3318
COL,2020,3,189221606,2580723,731833,22664
COL,2020,4,425472448,2428339,813096,17215
COL,2021,1,809031725,6859503,763602,20209
COL,2021,2,1446586757,7259899,1834605,43122
COL,2021,3,2124889422,5467660,716295,19755
COL,2021,4,2515805749,4161257,200163,3643
COL,2022,1,2910994691,4356751,927476,9679
COL,2022,2,442639677,212777,3703,108
COM,2020,1,0,0,0,0
COM,2020,2,21306,1173,303,7
COM,2020,3,181272,1852,176,0
COM,2020,4,502912,3202,344,3
COM,2021,1,560430,0,2873,136
COM,2021,2,566657,0,240,0
COM,2021,3,572884,0,205,1
COM,2021,4,572884,0,2374,10
COM,2022,1,560430,0,1571,4
COM,2022,2,80951,0,14,0
CPV,2020,1,0,0,6,1
CPV,2020,2,636299,22665,1221,14
CPV,2020,3,5218650,56292,4797,45
CPV,2020,4,8998337,28860,5816,53
CPV,2021,1,10975241,39761,5630,55
CPV,2021,2,18363506,97248,14987,118
CPV,2021,3,27408555,101863,5119,53
CPV,2021,4,33935706,47864,4156,14
CPV,2022,1,40465002,76640,14220,49
CPV,2022,2,6149608,3170,22,0
CRI,2020,1,33057,3694,347,2
CRI,2020,2,1841542,37383,3112,14
CRI,2020,3,11062173,185204,72301,888
CRI,2020,4,32398345,211027,93561,1281
CRI,2021,1,57030552,371265,47443,772
CRI,2021,2,100721467,666898,151174,1710
CRI,2021,3,176146281,881903,164247,1719
CRI,2021,4,246972721,629612,38371,967
CRI,2022,1,318829356,1063154,267981,947
CRI,2022,2,53385146,110189,6355,57
CUB,2020,1,8952,2322,186,6
CUB,2020,2,7216628,170528,2155,80
CUB,2020,3,32103262,443203,3256,37
CUB,2020,4,89776399,647760,6266,24
CUB,2021,1,190449638,1681677,63400,278
CUB,2021,2,360845023,2169653,115730,860
CUB,2021,3,669032792,4157957,686435,6152
CUB,2021,4,989861342,2376814,88576,886
CUB,2022,1,1149181622,1794200,124281,188
CUB,2022,2,175673840,121272,7390,9
CYP,2020,1,0,0,230,7
CYP,2020,2,5994177,158039,766,12
CYP,2020,3,23597620,224370,747,3
CYP,2020,4,49994686,283714,20603,98
CYP,2021,1,147703182,2703803,23759,137
CYP,2021,2,525226489,4758944,30447,118
CYP,2021,3,803372344,636345,43591,177
CYP,2021,4,806399780,0,46684,86
CYP,2022,1,788869350,0,263899,302
CYP,2022,2,113947795,0,30805,47
CZE,2020,1,381753,48811,3308,31
CZE,2020,2,30083503,502190,8646,323
CZE,2020,3,77149852,814606,58809,315
CZE,2020,4,242852455,2306239,647898,10925
CZE,2021,1,505064513,8812433,815885,14841
CZE,2021,2,1933511488,16752612,134955,3882
CZE,2021,3,3156262168,8896889,24202,172
CZE,2021,4,3896269412,8789879,785336,5670
CZE,2022,1,4607153539,7757329,1346306,3563
CZE,2022,2,712896469,281046,50487,241
DEU,2020,1,3321370,348619,61913,583
DEU,2020,2,284405395,5064036,132346,8391
DEU,2020,3,921601143,11586598,94960,522
DEU,2020,4,2278684850,17802340,1430518,23583
DEU,2021,1,3589689711,15597584,1089136,43271
DEU,2021,2,5225634169,13413991,919268,14533
DEU,2021,3,6346410124,9535733,499360,2763
DEU,2021,4,7537908964,16273317,2922921,18287
DEU,2022,1,9379416079,30748624,14206673,17783
DEU,2022,2,1582474824,1961542,1660040,2683
DJI,2020,1,0,0,30,0
DJI,2020,2,1748839,46108,4652,54
DJI,2020,3,5706677,30683,734,7
DJI,2020,4,7857666,22227,415,0
DJI,2021,1,9986453,30791,2171,9
DJI,2021,2,13978493,41952,3600,85
DJI,2021,3,18180272,45328,1209,12
DJI,2021,4,22138101,40907,845,22
DJI,2022,1,25067167,39374,1931,0
DJI,2022,2,3892672,3513,8,0
DMA,2020,1,0,0,12,0
DMA,2020,2,29528,820,6,0
DMA,2020,3,158741,2624,12,0
DMA,2020,4,445214,3174,58,0
DMA,2021,1,878820,5707,73,0
DMA,2021,2,1315103,6872,32,0
DMA,2021,3,3527169,50136,3288,20
DMA,2021,4,9073412,54908,3367,27
DMA,2022,1,11181690,0,5045,16
DMA,2022,2,1615133,0,122,0
DNK,2020,1,243050,24175,3039,90
DNK,2020,2,40358201,1029278,9929,521
DNK,2020,3,193673571,2806596,15511,45
DNK,2020,4,590113377,4894622,135637,648
DNK,2021,1,1415079374,16623853,69180,1122
DNK,2021,2,4045292733,43247914,63208,115
DNK,2021,3,7111117071,15015896,66047,123
DNK,2021,4,7866726266,22810380,450222,624
DNK,2022,1,9862640484,20331087,2294630,2466
DNK,2022,2,1649698750,237334,30869,234
DOM,2020,1,0,0,1109,51
DOM,2020,2,2361882,154129,31459,696
DOM,2020,3,29333548,323278,79641,1358
DOM,2020,4,59981625,388187,58576,309
DOM,2021,1,98524926,437910,81942,911
DOM,2021,2,131125843,408373,72494,497
DOM,2021,3,174663827,327684,33826,224
DOM,2021,4,187639612,0,59731,201
DOM,2022,1,183560490,0,159242,128
DOM,2022,2,26514293,0,606,0
DZA,2020,1,0,0,716,44
DZA,2020,2,836525,46396,13191,868
DZA,2020,3,9766875,110409,37623,824
DZA,2020,4,19662786,73748,48080,1020
DZA,2021,1,20749770,0,17582,337
DZA,2021,2,20980323,0,22434,623
DZA,2021,3,21210876,0,63733,2096
DZA,2021,4,21210876,0,15073,464
DZA,2022,1,20749770,0,47239,598
DZA,2022,2,2997189,0,59,0
ECU,2020,1,53940,7982,2240,75
ECU,2020,2,7685310,139230,57305,4452
ECU,2020,3,25847478,285107,88568,6828
ECU,2020,4,54553653,303895,75465,2679
ECU,2021,1,83386162,386293,116243,2813
ECU,2021,2,120753057,412385,129749,4713
ECU,2021,3,173119106,296167,51673,11224
ECU,2021,4,181296003,299719,39648,897
ECU,2022,1,216077481,334162,310472,1740
ECU,2022,2,32112210,0,5373,87
EGY,2020,1,175000,25000,710,46
EGY,2020,2,9460092,353456,67601,2907
EGY,2020,3,43454520,250509,34887,2977
EGY,2020,4,75813178,371035,34864,1701
EGY,2021,1,123989084,1522492,64069,4364
EGY,2021,2,253715898,481502,79151,4174
EGY,2021,3,314237450,788432,23242,1162
EGY,2021,4,464898976,1979201,81051,4421
EGY,2022,1,533152208,350660,119689,2665
EGY,2022,2,79589731,0,6713,105
ERI,2020,1,0,0,15,0
ERI,2020,2,172934,7943,188,0
ERI,2020,3,866625,4326,172,0
ERI,2020,4,1769294,11424,945,3
ERI,2021,1,2132370,0,1965,7
ERI,2021,2,2156063,0,2724,13
ERI,2021,3,2179756,0,713,19
ERI,2021,4,2179756,0,1289,34
ERI,2022,1,2132370,0,1717,27
ERI,2022,2,308009,0,4,0
ESH,2020,2,1331,124,0,0
ESH,2020,3,20366,122,0,0
ESH,2020,4,41350,-124,0,0
ESH,2021,1,13606,123,0,0
ESH,2021,2,109734,1292,0,0
ESH,2021,3,258221,2363,0,0
ESH,2021,4,362387,43,0,0
ESH,2022,1,354870,0,0,0
ESH,2022,2,51259,0,0,0
ESP,2020,1,4135000,355000,95923,8464
ESP,2020,2,207086699,5093984,163754,21809
ESP,2020,3,746605231,7275005,519917,3438
ESP,2020,4,1631002920,9936326,1159077,19046
ESP,2021,1,2674841355,13640268,1430435,24622
ESP,2021,2,3764111968,9956607,524607,5416
ESP,2021,3,4856804065,12124175,1150131,5540
ESP,2021,4,5687593461,4605492,1335737,2990
ESP,2022,1,5668817130,0,5213564,12987
ESP,2022,2,818829141,0,119178,886
EST,2020,1,89626,12401,745,4
EST,2020,2,6077752,94385,1244,65
EST,2020,3,13012421,106226,1382,1
EST,2020,4,35066845,400718,24619,165
EST,2021,1,76895735,530224,78434,673
EST,2021,2,122977978,382351,24640,367
EST,2021,3,156159478,392345,25193,88
EST,2021,4,205412500,603713,85151,575
EST,2022,1,264209913,720816,314896,530
EST,2022,2,42451262,41387,8909,39
ETH,2020,1,6243,1013,26,0
ETH,2020,2,7411488,249591,5820,103
ETH,2020,3,62579159,1015609,69522,1095
ETH,2020,4,142250962,510109,48896,725
ETH,2021,1,183163050,572549,82325,942
ETH,2021,2,240168620,496392,69585,1455
ETH,2021,3,287953909,618529,69500,1262
ETH,2021,4,347063549,608318,74668,1355
ETH,2022,1,396609120,581187,49416,560
ETH,2022,2,60903045,55103,350,12
FIN,2020,1,177490,22600,1672,51
FIN,2020,2,12561770,220475,5587,258
FIN,2020,3,49022144,795625,2980,20
FIN,2020,4,158355100,1330500,26183,263
FIN,2021,1,278480460,1596000,41621,290
FIN,2021,2,429748100,1456100,17966,102
FIN,2021,3,571518710,1740135,46101,134
FIN,2021,4,719613431,1578751,128719,596
FIN,2022,1,874213902,1684497,612847,1430
FIN,2022,2,136341171,88247,37016,190
FJI,2020,1,346,346,5,0
FJI,2020,2,113166,4507,13,0
FJI,2020,3,693353,5532,14,2
FJI,2020,4,1376497,10687,17,0
FJI,2021,1,2509153,15525,18,0
FJI,2021,2,7867312,160273,4351,19
FJI,2021,3,28605026,214086,46605,605
FJI,2021,4,38965461,60191,2309,74
FJI,2022,1,43012298,33040,11072,136
FJI,2022,2,6568830,1761,95,0
FRA,2020,1,1279548,101046,52281,3526
FRA,2020,2,92946006,1588672,180411,26617
FRA,2020,3,469140736,9151609,401649,2166
FRA,2020,4,1856124888,23431797,2117888,32835
FRA,2021,1,4366976906,29798806,2027526,31040
FRA,2021,2,7319251984,29017254,1481057,15461
FRA,2021,3,10628562565,49086218,1268625,6215
FRA,2021,4,14918904420,48377783,2971755,7255
FRA,2022,1,21101755166,66724533,15725390,18578
FRA,2022,2,3392298417,6376966,1550052,1355
FRO,2020,1,38065,4065,0,0
FRO,2020,2,782427,9981,0,0
FRO,2020,3,6273561,115896,0,0
FRO,2020,4,14883192,64568,0,0
FRO,2021,1,20255219,47252,0,0
FRO,2021,2,24374177,67272,0,0
FRO,2021,3,34938759,122385,0,0
FRO,2021,4,48670428,214367,0,0
FRO,2022,1,67198728,132059,0,0
FRO,2022,2,10111985,0,0,0
GAB,2020,1,807,269,16,1
GAB,2020,2,917652,34505,5378,41
GAB,2020,3,8841008,128490,3372,12
GAB,2020,4,24598491,198615,805,10
GAB,2021,1,43242021,266526,9979,54
GAB,2021,2,69424494,245138,5434,41
GAB,2021,3,94857342,328970,5171,27
GAB,2021,4,124729728,277049,11643,102
GAB,2022,1,139438235,108879,5786,15
GAB,2022,2,20658920,1374,4,0
GBR,2020,1,1835227,152979,38788,2457
GBR,2020,2,229259889,5945293,246425,38022
GBR,2020,3,1221569977,16059569,170634,1754
GBR,2020,4,3376809651,29706042,2040340,31388
GBR,2021,1,7394062251,70524575,1863792,53334
GBR,2021,2,15174056475,85194697,464415,1449
GBR,2021,3,23415377481,90394607,3026610,8641
GBR,2021,4,31865545081,102660010,5166998,12051
GBR,2022,1,41091925838,94436064,8298916,16881
GBR,2022,2,6505643506,6633828,536346,5027
GEO,2020,1,30769,2243,110,0
GEO,2020,2,3827730,109081,818,15
GEO,2020,3,29964161,532120,5264,24
GEO,2020,4,93456376,575242,221228,2466
GEO,2021,1,128343548,791889,54341,1273
GEO,2021,2,226120099,858184,84317,1538
GEO,2021,3,263925828,0,246934,3630
GEO,2021,4,263925828,0,321729,4854
GEO,2022,1,258188310,0,713523,2945
GEO,2022,2,37293867,0,3705,34
GHA,2020,1,8170,863,161,5
GHA,2020,2,12825702,294004,17580,107
GHA,2020,3,37277692,185064,28885,189
GHA,2020,4,51798222,166756,8145,34
GHA,2021,1,73540122,339662,35812,408
GHA,2021,2,102144609,265724,5331,53
GHA,2021,3,139159656,501161,31568,360
GHA,2021,4,176521725,351918,15504,139
GHA,2022,1,204573169,314700,17985,150
GHA,2022,2,31508576,8384,100,0
GIN,2020,1,0,0,22,0
GIN,2020,2,943753,33737,5369,33
GIN,2020,3,5690046,49767,5261,33
GIN,2020,4,19611858,218085,3070,15
GIN,2021,1,30524962,103032,6186,44
GIN,2021,2,40544722,68061,3862,46
GIN,2021,3,47928888,97811,6641,208
GIN,2021,4,53749192,24541,1640,12
GIN,2022,1,56461269,73937,4408,49
GIN,2022,2,8696623,0,0,0
GMB,2020,1,600,102,4,1
GMB,2020,2,111734,2845,45,1
GMB,2020,3,882236,14652,3630,110
GMB,2020,4,1976008,11500,218,12
GMB,2021,1,3658286,26143,1662,41
GMB,2021,2,6035776,20663,620,16
GMB,2021,3,8740843,33687,3855,157
GMB,2021,4,11039110,21191,236,5
GMB,2022,1,12895277,24903,1818,22
GMB,2022,2,2023918,0,2,0
GNB,2020,1,0,0,8,0
GNB,2020,2,284747,8056,1646,24
GNB,2020,3,1028986,10380,670,15
GNB,2020,4,2236926,17208,128,6
GNB,2021,1,4207746,22834,1198,18
GNB,2021,2,5981000,13854,209,6
GNB,2021,3,7889523,25240,2248,66
GNB,2021,4,9619762,13320,377,14
GNB,2022,1,10838378,17984,1665,21
GNB,2022,2,1691675,2241,26,0
GNQ,2020,1,0,0,12,0
GNQ,2020,2,442438,16000,1989,32
GNQ,2020,3,3782736,43706,3029,51
GNQ,2020,4,6082216,15498,247,3
GNQ,2021,1,8170196,35001,1637,16
GNQ,2021,2,11956621,45898,1820,19
GNQ,2021,3,17089749,65325,3628,26
GNQ,2021,4,22842490,45377,1348,28
GNQ,2022,1,25482562,34398,2290,8
GNQ,2022,2,3935097,2162,1,0
GRC,2020,1,138484,16732,1156,38
GRC,2020,2,12758564,296043,2253,154
GRC,2020,3,67310440,994774,15066,199
GRC,2020,4,190010672,1397025,120375,4447
GRC,2021,1,383598357,3831172,124839,3255
GRC,2021,2,798164096,4096873,158767,4613
GRC,2021,3,1325409671,9506154,233311,2122
GRC,2021,4,2947511346,27110172,555086,5962
GRC,2022,1,5527045413,26805505,1819576,6720
GRC,2022,2,985379707,3107576,165458,764
GRD,2020,1,272,18,9,0
GRD,2020,2,217634,5447,14,0
GRD,2020,3,502780,0,1,0
GRD,2020,4,502780,0,103,0
GRD,2021,1,1454714,18524,28,1
GRD,2021,2,2471996,4695,6,0
GRD,2021,3,3625976,27418,5034,140
GRD,2021,4,6051124,37833,986,59
GRD,2022,1,10571576,27014,7848,18
GRD,2022,2,1572337,0,52,1
GRL,2020,1,2919,402,0,0
GRL,2020,2,159179,3154,0,0
GRL,2020,3,568597,4486,0,0
GRL,2020,4,1090557,5829,0,0
GRL,2021,1,1620320,7015,0,0
GRL,2021,2,2184937,8976,0,0
GRL,2021,3,3960784,26485,0,0
GRL,2021,4,5183924,0,0,0
GRL,2022,1,5071230,0,0,0
GRL,2022,2,732511,0,0,0
GTM,2020,1,2912,208,38,1
GTM,2020,2,18928,0,18058,772
GTM,2020,3,6879869,323461,73650,2473
GTM,2020,4,43950138,263035,46266,1567
GTM,2021,1,75621670,476269,55822,2030
GTM,2021,2,120632391,534854,99749,2375
GTM,2021,3,185853394,973520,266732,4349
GTM,2021,4,274501680,725250,68044,2543
GTM,2022,1,334560613,939783,200515,1205
GTM,2022,2,55159949,24191,7360,88
GUY,2020,1,0,0,27,2
GUY,2020,2,75528,2578,233,10
GUY,2020,3,411291,11410,2649,68
GUY,2020,4,1772183,22308,3438,84
GUY,2021,1,3954639,11661,3917,67
GUY,2021,2,11268159,137690,9806,238
GUY,2021,3,17375028,3212,11772,317
GUY,2021,4,18758000,230756,7746,268
GUY,2022,1,37765350,0,23680,172
GUY,2022,2,5454995,0,87,0
HKG,2020,1,407720,90000,0,0
HKG,2020,2,17700281,257400,0,0
HKG,2020,3,63134984,681905,0,0
HKG,2020,4,302274772,3914362,0,0
HKG,2021,1,670476997,4974494,0,0
HKG,2021,2,1188095931,4923160,0,0
HKG,2021,3,2049533240,10393836,0,0
HKG,2021,4,2530686580,4060929,0,0
HKG,2022,1,3058312233,15676866,0,0
HKG,2022,2,584648376,0,0,0
HND,2020,1,0,0,141,7
HND,2020,2,1067748,46554,19437,490
HND,2020,3,6854748,133417,57342,1856
HND,2020,4,22261627,114982,44927,777
HND,2021,1,36760902,223511,67216,1475
HND,2021,2,59526339,245145,73717,2400
HND,2021,3,84966187,273649,103234,2772
HND,2021,4,96392976,96524,13408,657
HND,2022,1,102040380,0,41660,540
HND,2022,2,14739166,0,206,8
HRV,2020,1,53117,7015,867,6
HRV,2020,2,4385411,72089,1910,101
HRV,2020,3,14427839,227980,13816,173
HRV,2020,4,58601251,687209,194244,3640
HRV,2021,1,112947647,544939,60795,2027
HRV,2021,2,170500684,604368,88240,2259
HRV,2021,3,224209886,628455,44918,434
HRV,2021,4,301397873,971479,310455,3898
HRV,2022,1,385202658,939676,383931,3025
HRV,2022,2,61231681,43893,10671,139
HTI,2020,1,0,0,15,0
HTI,2020,2,0,0,5832,105
HTI,2020,3,0,0,2893,123
HTI,2020,4,0,0,1259,9
HTI,2021,1,0,0,2759,18
HTI,2021,2,0,0,5804,175
HTI,2021,3,0,0,3085,185
HTI,2021,4,0,0,4338,156
HTI,2022,1,0,0,4562,139
HTI,2022,2,0,0,39,2
HUN,2020,1,108839,14146,492,16
HUN,2020,2,12313806,260799,3663,569
HUN,2020,3,38205947,440732,22306,180
HUN,2020,4,140243333,1894913,296053,8772
HUN,2021,1,312503878,1998562,329919,11200
HUN,2021,2,505287757,1521143,155695,9255
HUN,2021,3,595444635,802484,14577,198
HUN,2021,4,733186857,2236576,433710,8996
HUN,2022,1,928376454,1946327,595456,6284
HUN,2022,2,145272299,117680,22335,342
IDN,2020,1,50772,6663,1528,136
IDN,2020,2,15641829,470655,54857,2740
IDN,2020,3,102669968,1516376,230623,7864
IDN,2020,4,297375128,1913579,456190,11398
IDN,2021,1,351654570,0,768514,18720
IDN,2021,2,1114968480,15995804,666560,17633
IDN,2021,3,2690540242,19218408,2036832,83448
IDN,2021,4,4688710956,24045058,47616,2155
IDN,2022,1,7043287832,28794412,1750098,10995
IDN,2022,2,1205891553,1632600,22540,628
IND,2020,1,399400,42788,1397,36
IND,2020,2,258095872,8565866,584084,17365
IND,2020,3,3088945541,65588075,5727103,81278
IND,2020,4,11459287102,93905928,3974125,50316
IND,2021,1,18604435146,75570283,1934956,13933
IND,2021,2,29142111574,166427104,18189969,236532
IND,2021,3,45370502907,158856395,3355073,48880
IND,2021,4,57498741711,108921816,1094872,33147
IND,2022,1,66993428885,111286667,8164196,39695
IND,2022,2,10301836273,5789603,12241,555
IRL,2020,1,229102,30213,3235,71
IRL,2020,2,21433752,374776,22238,1669
IRL,2020,3,68721918,775995,10682,73
IRL,2020,4,164348089,1126039,55624,440
IRL,2021,1,294183293,1683884,144075,2450
IRL,2021,2,414484719,723505,36077,314
IRL,2021,3,529103294,2731971,120907,251
IRL,2021,4,790804809,2561468,398627,663
IRL,2022,1,1000340587,1795559,676398,841
IRL,2022,2,154587570,134705,35389,150
IRN,2020,1,1440000,80000,44605,2898
IRN,2020,2,68035717,1559078,183057,7919
IRN,2020,3,256596337,2375743,229557,15352
IRN,2020,4,510745052,3082735,767923,29054
IRN,2021,1,894840621,4853683,660422,7442
IRN,2021,2,1615911883,11791151,1318993,21599
IRN,2021,3,2534989300,7909658,2382483,36164
IRN,2021,4,3404983156,10342406,607361,11178
IRN,2022,1,4091079813,7471166,967819,8598
IRN,2022,2,647546598,836723,35285,474
IRQ,2020,1,0,0,694,50
IRQ,2020,2,0,0,48415,1893
IRQ,2020,3,110017822,2266355,313872,7238
IRQ,2020,4,295723877,1955061,232310,3632
IRQ,2021,1,557803226,3769823,255633,1510
IRQ,2021,2,892001501,3278373,494980,2863
IRQ,2021,3,1151198564,1906571,657399,5074
IRQ,2021,4,1475232158,3523100,90437,1898
IRQ,2022,1,1586879944,1637197,225810,1006
IRQ,2022,2,238766926,37075,2753,22
ISL,2020,1,97557,9051,1135,8
ISL,2020,2,1821668,28956,689,8
ISL,2020,3,11909126,184179,904,0
ISL,2020,4,28284204,149963,3026,19
ISL,2021,1,38064287,104725,452,0
ISL,2021,2,51956144,228357,444,1
ISL,2021,3,77778052,281416,5152,3
ISL,2021,4,103860914,318866,15258,4
ISL,2022,1,144680254,577860,154332,65
ISL,2022,2,24582570,14588,2583,9
ISR,2020,1,612699,74454,5745,21
ISR,2020,2,44489632,884695,19721,306
ISR,2020,3,101369694,147658,221973,1277
ISR,2020,4,201150680,6281783,175851,1721
ISR,2021,1,904851216,4600379,409843,2888
ISR,2021,2,1212663123,2463587,8725,223
ISR,2021,3,1782502324,11685900,440441,1333
ISR,2021,4,2848004515,10134637,102863,482
ISR,2022,1,3910110096,8280598,2534293,2242
ISR,2022,2,579197983,0,94968,116
ITA,2020,1,5788444,506968,105792,12428
ITA,2020,2,267069293,4883142,134934,22370
ITA,2020,3,726768999,5943812,74283,1127
ITA,2020,4,1740247156,14712215,1792305,38265
ITA,2021,1,3317487597,23582257,1477733,35187
ITA,2021,2,5646144367,21680549,675010,18220
ITA,2021,3,7464282948,20882436,412446,3355
ITA,2021,4,10379905385,47671964,1453328,6481
ITA,2022,1,15907403885,60770489,8516671,21981
ITA,2022,2,2662715853,6667629,762455,1649
JAM,2020,1,1250,250,36,1
JAM,2020,2,761150,24251,666,9
JAM,2020,3,4410385,54471,5780,97
JAM,2020,4,9666252,54275,6345,195
JAM,2021,1,17400821,128710,26410,294
JAM,2021,2,32314259,180121,10887,479
JAM,2021,3,47236730,149879,33613,794
JAM,2021,4,55110504,108410,10183,604
JAM,2022,1,63033030,0,34837,415
JAM,2022,2,9104771,0,336,29
JOR,2020,1,0,0,274,5
JOR,2020,2,10739572,385638,858,4
JOR,2020,3,67401460,835184,10803,52
JOR,2020,4,192060418,1305170,282669,3773
JOR,2021,1,377829658,3392166,317083,3024
JOR,2021,2,627523271,1488895,139827,2892
JOR,2021,3,681448876,0,72515,968
JOR,2021,4,851756102,6009606,239486,1935
JOR,2022,1,1207499310,0,629080,1378
JOR,2022,2,174416567,0,2472,24
JPN,2020,1,945745,59705,2253,67
JPN,2020,2,33798313,625097,16350,907
JPN,2020,3,134767229,1744828,64974,601
JPN,2020,4,325162970,2201915,152170,1917
JPN,2021,1,694482724,5529576,239337,5684
JPN,2021,2,1141146412,6062411,324497,5607
JPN,2021,3,1780650364,7558857,905489,2866
JPN,2021,4,2382782673,4400934,27224,740
JPN,2022,1,3060270322,13955559,4823289,9731
JPN,2022,2,551965259,1616253,566588,649
KAZ,2020,1,101860,5093,343,2
KAZ,2020,2,53336075,1512005,21965,186
KAZ,2020,3,205123593,1378707,118399,1887
KAZ,2020,4,366297927,1975947,60489,674
KAZ,2021,1,608751074,3424293,96276,3163
KAZ,2021,2,960127628,2979973,185214,1847
KAZ,2021,3,1064901104,0,539531,8429
KAZ,2021,4,1064901104,0,109676,2304
KAZ,2022,1,1041751080,0,321284,800
KAZ,2022,2,150475156,0,291,2
KEN,2020,1,4597,844,59,1
KEN,2020,2,5229725,166573,6307,147
KEN,2020,3,33936357,380529,32163,563
KEN,2020,4,72647280,481802,57929,959
KEN,2021,1,109490661,450492,37600,483
KEN,2021,2,157874989,459826,50103,1481
KEN,2021,3,206920212,616156,65273,1489
KEN,2021,4,254628941,452963,45594,255
KEN,2022,1,295838848,502429,28395,270
KEN,2022,2,45957588,40353,160,1
KGZ,2020,1,35996,8186,107,0
KGZ,2020,2,4661006,57964,5399,61
KGZ,2020,3,6085800,0,41163,1446
KGZ,2020,4,32344857,502935,34365,291
KGZ,2021,1,53915854,127522,7504,145
KGZ,2021,2,82130653,2355986,36465,500
KGZ,2021,3,280728892,0,53529,607
KGZ,2021,4,280728892,0,6157,195
KGZ,2022,1,274626090,0,16246,186
KGZ,2022,2,39668213,0,35,3
KHM,2020,1,34072,5768,109,0
KHM,2020,2,524888,0,32,0
KHM,2020,3,530656,0,136,0
KHM,2020,4,530656,0,101,0
KHM,2021,1,37240563,676417,2062,11
KHM,2021,2,92258836,676069,47945,591
KHM,2021,3,178422229,996461,62266,1717
KHM,2021,4,242480389,406770,7842,693
KHM,2022,1,254885834,166633,15132,42
KHM,2022,2,38150307,10943,355,1
KIR,2020,1,0,0,0,0
KIR,2020,2,0,0,0,0
KIR,2020,3,0,0,0,0
KIR,2020,4,0,0,0,0
KIR,2021,1,0,0,0,0
KIR,2021,2,0,0,2,0
KIR,2021,3,0,0,0,0
KIR,2021,4,0,0,0,0
KIR,2022,1,0,0,3068,13
KIR,2022,2,0,0,3,0
KNA,2020,1,0,0,8,0
KNA,2020,2,17204,391,7,0
KNA,2020,3,35972,0,4,0
KNA,2020,4,35972,0,13,0
KNA,2021,1,346750,11990,12,0
KNA,2021,2,1375606,8937,402,3
KNA,2021,3,2657221,15284,1472,10
KNA,2021,4,3367384,0,1081,15
KNA,2022,1,3605717,31290,2550,15
KNA,2022,2,889329,1011,5,0
KOR,2020,1,8782490,410564,9785,162
KOR,2020,2,72290742,863202,3064,120
KOR,2020,3,162321522,1049233,11039,133
KOR,2020,4,270564440,1683413,37880,502
KOR,2021,1,547189346,3701388,41870,818
KOR,2021,2,842801385,2813129,54084,286
KOR,2021,3,1143332962,4023329,156050,476
KOR,2021,4,1434533515,1259807,321480,3128
KOR,2022,1,1422365850,0,12740565,10965
KOR,2022,2,205452845,0,2454826,3444
KWT,2020,1,0,0,289,0
KWT,2020,2,0,0,45906,354
KWT,2020,3,0,0,58987,256
KWT,2020,4,0,0,45402,324
KWT,2021,1,135393023,2047293,81519,379
KWT,2021,2,224593907,929243,124584,656
KWT,2021,3,331014868,1166585,54968,480
KWT,2021,4,467186400,1778065,5480,19
KWT,2022,1,628891046,1842127,211843,86
KWT,2022,2,100923069,0,1663,1
LAO,2020,1,1325,53,9,0
LAO,2020,2,4823,0,10,0
LAO,2020,3,4876,0,4,0
LAO,2020,4,2089634,89368,18,0
LAO,2021,1,9833700,43673,8,0
LAO,2021,2,19259048,163240,2072,3
LAO,2021,3,28041769,8679,21725,15
LAO,2021,4,28061196,0,87214,354
LAO,2022,1,27451170,0,65838,294
LAO,2022,2,3965169,0,20519,37
LBN,2020,1,0,0,470,12
LBN,2020,2,4203702,132639,1308,22
LBN,2020,3,39199401,704957,37856,333
LBN,2020,4,128356705,940668,141869,1101
LBN,2021,1,251858959,1782613,286897,4766
LBN,2021,2,381217200,1170499,76466,1617
LBN,2021,3,435286592,0,79364,474
LBN,2021,4,435286592,0,103700,794
LBN,2022,1,425823840,0,364227,1184
LBN,2022,2,61507888,0,2754,47
LBR,2020,1,0,0,6,0
LBR,2020,2,135386,6125,767,36
LBR,2020,3,1090891,11749,569,46
LBR,2020,4,4360324,33871,461,1
LBR,2021,1,5924269,27939,253,2
LBR,2021,2,9010041,36665,1847,42
LBR,2021,3,11738155,23475,2022,159
LBR,2021,4,12863808,0,479,1
LBR,2022,1,12584160,0,1122,7
LBR,2022,2,1817712,0,2,0
LBY,2020,1,0,0,10,0
LBY,2020,2,525859,26339,814,24
LBY,2020,3,8135081,155714,33701,530
LBY,2020,4,33299081,337797,65752,927
LBY,2021,1,61155882,328338,58680,1189
LBY,2021,2,89452772,247283,34517,526
LBY,2021,3,126789030,547918,146610,1458
LBY,2021,4,167220951,353984,48650,1059
LBY,2022,1,205830468,554818,112971,705
LBY,2022,2,33180328,1845,129,14
LCA,2020,1,222,222,13,0
LCA,2020,2,50496,982,6,0
LCA,2020,3,425752,6973,8,0
LCA,2020,4,1253207,10976,326,5
LCA,2021,1,2498886,16695,3885,55
LCA,2021,2,4002825,17364,1058,24
LCA,2021,3,5986624,26745,6163,117
LCA,2021,4,8516572,28125,2111,94
LCA,2022,1,11605877,32507,9383,70
LCA,2022,2,1830960,743,92,0
LIE,2020,1,0,0,69,0
LIE,2020,2,0,0,18,1
LIE,2020,3,0,0,37,0
LIE,2020,4,0,0,2101,43
LIE,2021,1,0,0,532,12
LIE,2021,2,0,0,378,2
LIE,2021,3,0,0,426,0
LIE,2021,4,0,0,2574,11
LIE,2022,1,0,0,10247,15
LIE,2022,2,0,0,456,0
LKA,2020,1,6246,2082,143,2
LKA,2020,2,189462,0,1904,9
LKA,2020,3,6492768,285782,1333,2
LKA,2020,4,63679178,904264,39919,191
LKA,2021,1,166115973,1251814,49407,364
LKA,2021,2,290740024,1713415,166383,2509
LKA,2021,3,460619820,1612742,258288,9829
LKA,2021,4,573767250,944711,69868,2073
LKA,2022,1,650895691,860668,74386,1498
LKA,2022,2,98817095,43360,1086,15
LSO,2020,1,0,0,0,0
LSO,2020,2,57821,3000,27,0
LSO,2020,3,1036017,15809,1568,36
LSO,2020,4,2010826,11677,1499,15
LSO,2021,1,4531820,36918,7612,264
LSO,2021,2,7919969,41856,638,14
LSO,2021,3,13571452,104744,3051,74
LSO,2021,4,23289074,108577,14013,262
LSO,2022,1,34912898,107910,4502,32
LSO,2022,2,5640244,4783,58,0
LTU,2020,1,64420,11280,468,4
LTU,2020,2,19506878,411560,1344,57
LTU,2020,3,53604952,352147,2876,16
LTU,2020,4,106667486,807063,137267,1719
LTU,2021,1,180210216,793292,74164,1778
LTU,2021,2,287637188,1520695,62650,809
LTU,2021,3,397544685,646862,52914,610
LTU,2021,4,507185804,2358305,187914,2394
LTU,2022,1,673641716,1563537,505242,1516
LTU,2022,2,110727463,95473,18653,106
LUX,2020,1,33710,17511,2178,23
LUX,2020,2,6480207,167811,2121,89
LUX,2020,3,48485246,651857,5558,14
LUX,2020,4,111837715,748356,37906,371
LUX,2021,1,180187645,788942,15227,251
LUX,2021,2,249176360,681033,9145,72
LUX,2021,3,284814796,15621,7432,17
LUX,2021,4,331715483,718061,25547,80
LUX,2022,1,358929441,351556,112065,121
LUX,2022,2,54318029,16224,10508,15
LVA,2020,1,120841,14807,398,0
LVA,2020,2,7540717,136030,720,30
LVA,2020,3,20956267,169181,706,7
LVA,2020,4,51290063,516987,39080,598
LVA,2021,1,117845497,1002587,61459,1264
LVA,2021,2,218493210,1015431,35066,614
LVA,2021,3,310605991,1476748,20862,204
LVA,2021,4,465359779,1224718,118383,1853
LVA,2022,1,570403702,1447652,522221,1046
LVA,2022,2,91479719,59001,11022,71
MAR,2020,1,14951,2900,617,36
MAR,2020,2,16284269,635571,11916,192
MAR,2020,3,145339309,1960015,111120,1966
MAR,2020,4,327880446,1785935,315540,5194
MAR,2021,1,448064135,1075665,56904,1430
MAR,2021,2,534170651,783174,35264,478
MAR,2021,3,691725056,2515411,401710,4971
MAR,2021,4,856394658,1087457,30021,582
MAR,2022,1,965249924,1415653,200182,1211
MAR,2022,2,146979228,79924,861,1
MCO,2020,1,0,0,52,1
MCO,2020,2,0,0,51,3
MCO,2020,3,0,0,127,1
MCO,2020,4,0,0,657,1
MCO,2021,1,0,0,1413,25
MCO,2021,2,0,0,289,5
MCO,2021,3,0,0,737,0
MCO,2021,4,0,0,1671,5
MCO,2022,1,0,0,5773,16
MCO,2022,2,0,0,503,2
MDA,2020,1,0,0,353,4
MDA,2020,2,0,0,16260,541
MDA,2020,3,0,0,36429,775
MDA,2020,4,5384475,532838,91776,1665
MDA,2021,1,60701572,314664,85423,1975
MDA,2021,2,94999813,331029,26493,1234
MDA,2021,3,108424852,0,37658,583
MDA,2021,4,108424852,0,81763,3498
MDA,2022,1,106067790,0,137287,1156
MDA,2022,2,15320903,0,2207,40
MDG,2020,1,0,0,57,0
MDG,2020,2,660373,21444,2164,20
MDG,2020,3,4763793,57517,14194,210
MDG,2020,4,8352727,19408,1306,31
MDG,2021,1,10188706,42988,6712,157
MDG,2021,2,16907451,71351,17790,495
MDG,2021,3,21597439,36802,682,45
MDG,2021,4,24351419,71374,7381,69
MDG,2022,1,33529043,83959,13730,357
MDG,2022,2,5262959,0,80,6
MDV,2020,1,0,0,18,0
MDV,2020,2,0,0,2343,9
MDV,2020,3,0,0,7930,25
MDV,2020,4,0,0,3466,14
MDV,2021,1,38247397,650537,10322,19
MDV,2021,2,73994164,317737,49719,143
MDV,2021,3,116090788,519778,11011,21
MDV,2021,4,149980737,184339,10891,31
MDV,2022,1,150515190,0,81300,36
MDV,2022,2,21741083,0,1320,0
MEX,2020,1,74591,11008,1215,29
MEX,2020,2,19112457,555594,224874,27740
MEX,2020,3,105837481,1124229,517127,49877
MEX,2020,4,240094902,1695364,682878,48161
MEX,2021,1,444197762,2678713,812793,77403
MEX,2021,2,619874196,1418871,280382,29837
MEX,2021,3,833771129,3156981,1144954,44460
MEX,2021,4,1064815716,1717627,315500,21921
MEX,2022,1,1293675288,3198823,1679812,23588
MEX,2022,2,203208894,126405,64327,789
MKD,2020,1,3518,3518,329,9
MKD,2020,2,2126832,57255,6005,293
MKD,2020,3,10166124,124935,11643,437
MKD,2020,4,25056320,195159,65352,1764
MKD,2021,1,43941391,243777,46693,1278
MKD,2021,2,68608850,247639,25662,1703
MKD,2021,3,97212542,385239,35724,1184
MKD,2021,4,125844163,254362,33641,1292
MKD,2022,1,153670131,340076,80930,1261
MKD,2022,2,24075480,0,1988,35
MLI,2020,1,0,0,28,2
MLI,2020,2,365055,12869,2153,114
MLI,2020,3,2592099,30455,937,15
MLI,2020,4,8066368,92988,3972,138
MLI,2021,1,16605428,96835,2952,116
MLI,2021,2,25554911,81890,4384,140
MLI,2021,3,33734151,107846,793,23
MLI,2021,4,43882451,111161,5789,112
MLI,2022,1,54966216,123200,9476,67
MLI,2022,2,8618457,10157,105,2
MLT,2020,1,47869,4462,169,0
MLT,2020,2,4580675,90669,501,9
MLT,2020,3,14940526,158852,2430,26
MLT,2020,4,34789862,215870,9716,186
MLT,2021,1,58687406,339487,16259,173
MLT,2021,2,81700112,176289,1590,28
MLT,2021,3,103785300,225827,6526,37
MLT,2021,4,111453952,0,15324,19
MLT,2022,1,109031040,0,27066,162
MLT,2022,2,15748928,0,7494,29
MMR,2020,1,3246,300,15,1
MMR,2020,2,2091019,76015,284,5
MMR,2020,3,13250688,219726,13074,304
MMR,2020,4,86947410,1343116,111257,2372
MMR,2021,1,210398164,899087,17804,525
MMR,2021,2,236137543,100894,14843,128
MMR,2021,3,315344060,1567527,306799,14401
MMR,2021,4,477773246,1730724,66758,1533
MMR,2022,1,605619493,1719148,80753,162
MMR,2022,2,100652962,141897,819,4
MNE,2020,1,0,0,109,2
MNE,2020,2,0,0,439,10
MNE,2020,3,1982070,24470,10224,157
MNE,2020,4,2251240,0,37475,513
MNE,2021,1,2202300,0,42971,592
MNE,2021,2,21909766,414644,9034,339
MNE,2021,3,40398488,0,31247,310
MNE,2021,4,40398488,0,38535,489
MNE,2022,1,39520260,0,63068,291
MNE,2022,2,5708482,0,732,6
MNG,2020,1,0,0,12,0
MNG,2020,2,0,0,208,0
MNG,2020,3,0,0,93,0
MNG,2020,4,0,0,882,1
MNG,2021,1,0,0,7252,7
MNG,2021,2,0,0,107031,555
MNG,2021,3,0,0,267019,714
MNG,2021,4,0,0,310124,782
MNG,2022,1,0,0,226246,118
MNG,2022,2,0,0,1137,0
MOZ,2020,1,304,19,8,0
MOZ,2020,2,749591,28567,881,6
MOZ,2020,3,7157875,108097,7839,55
MOZ,2020,4,19050909,129056,9914,105
MOZ,2021,1,33535552,213610,48937,643
MOZ,2021,2,48717669,109121,8841,103
MOZ,2021,3,71516541,315630,74319,1039
MOZ,2021,4,88929731,171926,38357,89
MOZ,2022,1,110773551,219808,36176,194
MOZ,2022,2,16896496,7737,45,0
MRT,2020,1,0,0,6,1
MRT,2020,2,677958,39398,4357,128
MRT,2020,3,5917461,40006,3139,32
MRT,2020,4,9197061,57814,6862,186
MRT,2021,1,17743845,110654,3483,102
MRT,2021,2,27242084,101901,2961,40
MRT,2021,3,41603700,201281,15222,286
MRT,2021,4,57435312,154855,5443,91
MRT,2022,1,76019085,211420,17196,116
MRT,2022,2,11934213,2943,41,0
MUS,2020,1,0,0,125,3
MUS,2020,2,3961166,171792,216,7
MUS,2020,3,19379991,74534,40,0
MUS,2020,4,25687390,55019,146,0
MUS,2021,1,27121050,0,436,0
MUS,2021,2,32295445,57330,935,8
MUS,2021,3,33026660,952,13797,66
MUS,2021,4,33085684,0,52927,702
MUS,2022,1,32366430,0,141863,182
MUS,2022,2,4675151,0,4517,17
MWI,2020,1,0,0,0,0
MWI,2020,2,315750,13369,1224,14
MWI,2020,3,3316353,39688,4549,165
MWI,2020,4,5879566,30850,810,10
MWI,2021,1,13682714,134125,26968,928
MWI,2021,2,21809002,46116,2575,79
MWI,2021,3,32427061,144443,25454,1086
MWI,2021,4,40131449,73912,13495,82
MWI,2022,1,47974625,78830,10565,262
MWI,2022,2,7336560,5210,67,2
MYS,2020,1,368851,40483,2766,48
MYS,2020,2,19976886,256859,5873,73
MYS,2020,3,91165282,1010112,2585,15
MYS,2020,4,178555571,1093589,101786,335
MYS,2021,1,216093870,0,232490,801
MYS,2021,2,931153707,11121517,406479,3898
MYS,2021,3,1244075520,0,1493716,21165
MYS,2021,4,1244075520,0,512391,5152
MYS,2022,1,1217030400,0,1443833,3496
MYS,2022,2,175793280,0,140640,358
NAM,2020,1,360,24,11,0
NAM,2020,2,240025,8682,194,0
NAM,2020,3,4201801,89246,11060,121
NAM,2020,4,13250218,101196,12676,84
NAM,2021,1,24943613,146603,20198,318
NAM,2021,2,37924649,168232,45778,998
NAM,2021,3,57841222,189351,37672,1990
NAM,2021,4,71169197,161590,20385,123
NAM,2022,1,84054412,117321,9672,386
NAM,2022,2,12834631,8894,257,2
NCL,2020,1,440,40,0,0
NCL,2020,2,307084,8489,0,0
NCL,2020,3,1062415,5998,0,0
NCL,2020,4,1535839,4157,0,0
NCL,2021,1,2005614,9341,0,0
NCL,2021,2,2886188,7013,0,0
NCL,2021,3,3681939,7353,0,0
NCL,2021,4,3933552,0,0,0
NCL,2022,1,3848040,0,0,0
NCL,2022,2,555828,0,0,0
NER,2020,1,0,0,27,3
NER,2020,2,235150,6555,1048,64
NER,2020,3,1013543,10027,126,2
NER,2020,4,3836593,43609,2126,35
NER,2021,1,6807229,28573,1678,82
NER,2021,2,9389941,28104,488,7
NER,2021,3,12534205,39439,519,8
NER,2021,4,16565170,47143,1397,74
NER,2022,1,20021268,36944,1396,33
NER,2022,2,3153512,4443,45,0
NGA,2020,1,6666,846,135,2
NGA,2020,2,4086445,129318,25559,588
NGA,2020,3,30491515,379391,33154,522
NGA,2020,4,64915939,394245,28759,178
NGA,2021,1,122596804,863894,75284,768
NGA,2021,2,183228528,498897,4727,63
NGA,2021,3,241699372,796604,38161,601
NGA,2021,4,313746461,760114,35734,309
NGA,2022,1,381185144,1018455,13902,112
NGA,2022,2,63597194,136094,248,0
NIC,2020,1,0,0,5,1
NIC,2020,2,0,0,2514,82
NIC,2020,3,0,0,2651,68
NIC,2020,4,0,0,876,14
NIC,2021,1,0,0,631,13
NIC,2021,2,0,0,1501,13
NIC,2021,3,0,0,6270,13
NIC,2021,4,0,0,3039,13
NIC,2022,1,0,0,947,13
NIC,2022,2,0,0,57,1
NLD,2020,1,737331,73610,13686,1040
NLD,2020,2,25050720,338362,36859,5092
NLD,2020,3,65521603,1526546,78695,348
NLD,2020,4,334976140,3942216,687325,5068
NLD,2021,1,748638187,6049655,484068,5164
NLD,2021,2,1304020474,4260875,412939,1339
NLD,2021,3,1606113104,2710850,329570,556
NLD,2021,4,1962302411,6348121,1155562,2808
NLD,2022,1,2523206368,3696827,4837268,1212
NLD,2022,2,372098441,0,144535,135
NOR,2020,1,1024860,94265,4641,39
NOR,2020,2,19299283,240288,4238,211
NOR,2020,3,56276427,718793,5148,24
NOR,2020,4,179148863,1635042,35540,162
NOR,2021,1,329337057,1976322,46512,237
NOR,2021,2,498427867,1569931,35237,122
NOR,2021,3,640991677,1636577,58115,67
NOR,2021,4,777665606,1470688,204828,445
NOR,2022,1,880439235,510170,1011701,1213
NOR,2022,2,128076988,0,11671,149
NPL,2020,1,5905,933,5,0
NPL,2020,2,5345333,227408,13560,29
NPL,2020,3,51478420,770066,64253,469
NPL,2020,4,141325037,885774,182776,1358
NPL,2021,1,189882983,387146,16716,1174
NPL,2021,2,253251934,1051712,361496,6082
NPL,2021,3,345874174,882343,156256,2023
NPL,2021,4,416704212,653973,33370,459
NPL,2022,1,475565850,687035,149995,357
NPL,2022,2,72387870,40097,190,0
NZL,2020,1,129339,21284,647,1
NZL,2020,2,18687672,660780,883,21
NZL,2020,3,58051071,563089,320,3
NZL,2020,4,109050402,434253,314,0
NZL,2021,1,146552793,502152,341,1
NZL,2021,2,189469239,391907,243,0
NZL,2021,3,251420459,1089593,1549,1
NZL,2021,4,415459632,2198682,9828,24
NZL,2022,1,569807318,1341794,660578,263
NZL,2022,2,90254397,40127,124492,183
OMN,2020,1,0,0,192,1
OMN,2020,2,3745644,191412,39878,175
OMN,2020,3,26723630,116921,58515,759
OMN,2020,4,28366636,0,30282,564
OMN,2021,1,27749970,0,30351,179
OMN,2021,2,34913587,201626,109327,1422
OMN,2021,3,46916228,0,35224,996
OMN,2021,4,46916228,0,1720,20
OMN,2022,1,45896310,0,82854,134
OMN,2022,2,6629467,0,398,6
PAK,2020,1,97604,14658,2118,27
PAK,2020,2,41207373,1268434,211352,4368
PAK,2020,3,212889808,2231145,99336,2089
PAK,2020,4,460162801,3042875,169372,3692
PAK,2021,1,757581121,3640217,190753,4354
PAK,2021,2,1106690152,4392901,285477,7791
PAK,2021,3,1559212847,4556845,288130,5464
PAK,2021,4,1966098423,4177474,49395,1148
PAK,2022,1,2294016929,4148021,229040,1426
PAK,2022,2,359700676,311987,1856,3
PAN,2020,1,54056,6582,1181,30
PAN,2020,2,4714888,118988,32369,601
PAN,2020,3,21091848,138476,79045,1741
PAN,2020,4,59210058,910113,134195,1650
PAN,2021,1,149285921,954773,108261,2092
PAN,2021,2,229484505,783294,48727,431
PAN,2021,3,321628785,928987,63335,683
PAN,2021,4,381618786,529858,28807,200
PAN,2022,1,460644011,1331875,268616,742
PAN,2022,2,74481984,32869,2531,7
PER,2020,1,128234,14463,1065,138
PER,2020,2,64022333,1664923,284148,37760
PER,2020,3,253295770,2198937,526555,44237
PER,2020,4,435872876,1519538,203369,10935
PER,2021,1,626781515,3917086,533670,50346
PER,2021,2,1065223099,4305990,503258,48915
PER,2021,3,1479156618,4067463,123240,7745
PER,2021,4,1806193878,3437001,121526,3323
PER,2022,1,2281273950,7386404,1249865,9517
PER,2022,2,372701369,-273012,5771,321
PHL,2020,1,0,0,2084,90
PHL,2020,2,26843491,764027,35430,1178
PHL,2020,3,196370776,2948926,274180,4238
PHL,2020,4,483468847,2813930,162370,3740
PHL,2021,1,738940533,3488244,273224,4053
PHL,2021,2,1133752303,4475314,665271,11365
PHL,2021,3,1640420186,6169487,1137407,13632
PHL,2021,4,2157831845,4315581,294024,13210
PHL,2022,1,2454735203,3960864,834609,7745
PHL,2022,2,378338871,239246,3606,529
PLW,2020,1,0,0,0,0
PLW,2020,2,0,0,0,0
PLW,2020,3,0,0,0,0
PLW,2020,4,0,0,0,0
PLW,2021,1,0,0,0,0
PLW,2021,2,0,0,0,0
PLW,2021,3,0,0,5,0
PLW,2021,4,0,0,5,0
PLW,2022,1,0,0,4014,6
PLW,2022,2,0,0,98,0
PNG,2020,1,85,85,1,0
PNG,2020,2,7735,0,10,0
PNG,2020,3,7820,0,539,8
PNG,2020,4,1772756,36589,246,2
PNG,2021,1,4050917,27026,5211,51
PNG,2021,2,6731438,66767,11107,113
PNG,2021,3,14054076,55998,3123,56
PNG,2021,4,20513861,62684,15937,361
PNG,2022,1,22423410,0,7045,50
PNG,2022,2,3238937,0,412,9
POL,2020,1,417000,51419,2311,33
POL,2020,2,60849232,1469987,32082,1430
POL,2020,3,221878360,1759905,57121,1050
POL,2020,4,487849260,3487187,1203364,26041
POL,2021,1,820034785,5164724,1026839,24491
POL,2021,2,1359975675,5122315,558195,21976
POL,2021,3,1764531096,3619463,27159,629
POL,2021,4,2166065280,5716814,1201144,21404
POL,2022,1,2804916456,9254518,1854716,18119
POL,2022,2,464935877,141673,17289,523
PRT,2020,1,338826,52086,7443,160
PRT,2020,2,54155062,1049980,34859,1416
PRT,2020,3,166043224,1451019,33401,395
PRT,2020,4,361941786,2633590,338136,4935
PRT,2021,1,676073494,3930140,408044,9942
PRT,2021,2,1003547055,4095336,57835,248
PRT,2021,3,1472968405,5368129,189722,879
PRT,2021,4,1934806801,7975160,320367,980
PRT,2022,1,3191549010,13545641,2199130,2740
PRT,2022,2,524286504,507567,108877,263
PRY,2020,1,4259,528,69,3
PRY,2020,2,2064556,68815,2152,14
PRY,2020,3,12376789,205212,38537,840
PRY,2020,4,37319490,255158,67174,1405
PRY,2021,1,62003872,361301,106735,1944
PRY,2021,2,106238927,630629,208615,8689
PRY,2021,3,158137505,306128,36685,3303
PRY,2021,4,177566797,183068,6134,426
PRY,2022,1,214109724,595977,181849,2040
PRY,2022,2,33927647,0,496,70
PSE,2020,1,70527,6808,119,1
PSE,2020,2,4025150,94583,2309,7
PSE,2020,3,22407531,312100,37471,303
PSE,2020,4,56077514,393381,98105,1089
PSE,2021,1,100873713,741832,104349,1227
PSE,2021,2,159787937,329981,71814,936
PSE,2021,3,194588113,551781,89549,535
PSE,2021,4,246042903,416711,66032,821
PSE,2022,1,270327726,231356,186002,736
PSE,2022,2,40020929,0,867,1
PYF,2020,2,224093,4898,0,0
PYF,2020,3,571864,4232,0,0
PYF,2020,4,839960,0,0,0
PYF,2021,1,821700,0,0,0
PYF,2021,2,830830,0,0,0
PYF,2021,3,839960,0,0,0
PYF,2021,4,839960,0,0,0
PYF,2022,1,821700,0,0,0
PYF,2022,2,118690,0,0,0
QAT,2020,1,196572,22394,781,2
QAT,2020,2,15368939,334438,95307,111
QAT,2020,3,51651688,419082,29672,101
QAT,2020,4,94936827,447583,18074,31
QAT,2021,1,132423141,511104,36130,46
QAT,2021,2,178684231,431122,42107,299
QAT,2021,3,222443994,499923,14572,16
QAT,2021,4,268154654,508787,13885,12
QAT,2022,1,299753377,235336,110887,59
QAT,2022,2,44397100,9347,1616,0
ROU,2020,1,214232,24654,2245,82
ROU,2020,2,29218951,685458,24725,1569
ROU,2020,3,138899994,1709579,100602,3174
ROU,2020,4,329684767,2211183,504691,10942
ROU,2021,1,517231658,2645940,320540,7771
ROU,2021,2,776205934,2325748,127989,10248
ROU,2021,3,1020462087,3253866,152876,3255
ROU,2021,4,1406629267,4230547,575223,21711
ROU,2022,1,1789700748,4379721,1044679,6263
ROU,2022,2,279067048,0,22372,234
RUS,2020,1,3501337,273426,2337,17
RUS,2020,2,733177034,19578741,644592,9289
RUS,2020,3,2965514636,26569667,523870,11324
RUS,2020,4,6215594735,40282779,1956548,35641
RUS,2021,1,9476160929,33278214,1366887,40948
RUS,2021,2,12116849821,23643001,955360,35754
RUS,2021,3,15818109728,45160196,1951510,70576
RUS,2021,4,19937820683,47117670,2919301,99122
RUS,2022,1,23571008621,49091971,7262706,58677
RUS,2022,2,3717259766,1171748,173072,3431
RWA,2020,1,0,0,75,0
RWA,2020,2,4556497,137751,950,2
RWA,2020,3,30113990,355235,3815,27
RWA,2020,4,52512921,221445,3543,63
RWA,2021,1,81242577,424306,13400,215
RWA,2021,2,125103615,455460,17264,131
RWA,2021,3,201171279,1212722,58470,835
RWA,2021,4,305069220,1135498,14269,77
RWA,2022,1,415656178,1160548,17936,109
RWA,2022,2,66875839,66562,35,0
SAU,2020,1,73500,3500,1563,10
SAU,2020,2,45715434,1635814,189260,1639
SAU,2020,3,363385678,4852179,143782,3119
SAU,2020,4,810946177,4224135,28136,1455
SAU,2021,1,1159784218,4350396,27266,446
SAU,2021,2,1650726841,6836116,97585,1150
SAU,2021,3,2394131883,7000371,59542,897
SAU,2021,4,2845522685,4327333,9102,161
SAU,2022,1,3486337698,8312730,194578,168
SAU,2022,2,541196527,162116,1264,15
SDN,2020,1,0,0,7,2
SDN,2020,2,505913,25580,9365,570
SDN,2020,3,2993545,12155,4274,264
SDN,2020,4,7138712,58255,11854,632
SDN,2021,1,16111902,135704,6333,595
SDN,2021,2,21385507,23181,4825,691
SDN,2021,3,26748082,39754,1638,148
SDN,2021,4,44814460,268312,8235,429
SDN,2022,1,50664690,0,15437,1576
SDN,2022,2,7318233,0,79,18
SEN,2020,1,8932,1299,175,0
SEN,2020,2,2747493,75044,6618,112
SEN,2020,3,11946292,105475,8189,199
SEN,2020,4,21149349,93380,4158,99
SEN,2021,1,32461763,174835,19565,641
SEN,2021,2,46614480,120094,4423,115
SEN,2021,3,64494546,241675,30647,692
SEN,2021,4,79740163,110316,1280,32
SEN,2022,1,89458523,132740,10840,98
SEN,2022,2,14254862,76467,57,1
SGP,2020,1,273000,39000,926,3
SGP,2020,2,24305417,645359,42981,23
SGP,2020,3,153607109,2201186,13858,1
SGP,2020,4,379322662,2350942,834,2
SGP,2021,1,618722916,3309862,1782,1
SGP,2021,2,979099780,5061456,2198,6
SGP,2021,3,1529929761,5500390,33942,59
SGP,2021,4,1757953940,0,182884,733
SGP,2022,1,1719737550,0,817023,440
SGP,2022,2,248406535,0,48693,39
SLE,2020,1,0,0,1,0
SLE,2020,2,291649,9973,1461,60
SLE,2020,3,1675773,16003,769,12
SLE,2020,4,4807337,39299,380,4
SLE,2021,1,9758806,73207,1369,3
SLE,2021,2,14486210,42783,1595,21
SLE,2021,3,18966503,44078,819,21
SLE,2021,4,22527563,34615,670,2
SLE,2022,1,29247921,130740,610,2
SLE,2022,2,5184641,15081,3,0
SLV,2020,1,6049,626,32,1
SLV,2020,2,5696603,162085,6406,173
SLV,2020,3,25472281,233210,22731,669
SLV,2020,4,46795159,193607,17165,484
SLV,2021,1,65486462,839408,18484,679
SLV,2021,2,86490724,222658,14040,375
SLV,2021,3,107170573,159380,25582,853
SLV,2021,4,113793907,284175,17597,590
SLV,2022,1,149971705,337603,39107,295
SLV,2022,2,23961912,0,1037,5
SMR,2020,1,0,0,236,26
SMR,2020,2,172527,5631,477,16
SMR,2020,3,566462,2124,36,0
SMR,2020,4,777966,1886,1584,17
SMR,2021,1,3314047,44380,2399,25
SMR,2021,2,5537051,13161,360,6
SMR,2021,3,6085340,0,348,1
SMR,2021,4,6588380,31440,2762,9
SMR,2022,1,10472295,44791,7143,13
SMR,2022,2,1882223,5156,434,1
SOM,2020,1,0,0,5,0
SOM,2020,2,237003,11807,2919,90
SOM,2020,3,1618156,8709,664,10
SOM,2020,4,2255221,5993,1126,31
SOM,2021,1,6544207,64962,6684,399
SOM,2021,2,10695049,47591,3548,246
SOM,2021,3,16715200,87152,5034,336
SOM,2021,4,30092877,165094,3552,222
SOM,2022,1,35959518,9158,2878,28
SOM,2022,2,5206058,0,61,0
SRB,2020,1,22789,3561,900,19
SRB,2020,2,15777903,397679,13664,261
SRB,2020,3,72743140,732999,18987,472
SRB,2020,4,148096872,1108546,304372,2462
SRB,2021,1,252529073,1181658,262673,2097
SRB,2021,2,362411908,990034,115966,1739
SRB,2021,3,450724418,1235931,225427,1187
SRB,2021,4,601303465,1589445,357350,4480
SRB,2022,1,753909625,1949844,677228,3085
SRB,2022,2,120525902,148998,15053,100
SSD,2020,1,0,0,0,0
SSD,2020,2,257428,10630,2007,38
SSD,2020,3,1382209,8803,697,11
SSD,2020,4,4505746,53832,854,14
SSD,2021,1,9805032,58083,6607,46
SSD,2021,2,14235145,42697,669,8
SSD,2021,3,18335433,56841,1176,13
SSD,2021,4,23725777,63759,3232,5
SSD,2022,1,29535612,64491,2020,3
SSD,2022,2,4723179,8835,94,0
STP,2020,1,0,0,0,0
STP,2020,2,48457,1773,714,13
STP,2020,3,395269,4420,197,2
STP,2020,4,634759,1305,103,2
STP,2021,1,845862,5898,1209,17
STP,2021,2,1239680,397,143,7
STP,2021,3,1605886,12164,1093,13
STP,2021,4,2581275,3312,438,7
STP,2022,1,3137850,9191,2051,16
STP,2022,2,505667,983,3,0
SUR,2020,1,0,0,9,0
SUR,2020,2,0,0,506,13
SUR,2020,3,0,0,4362,91
SUR,2020,4,0,0,1333,18
SUR,2021,1,0,0,2912,55
SUR,2021,2,0,0,12610,345
SUR,2021,3,0,0,19899,362
SUR,2021,4,0,0,10815,305
SUR,2022,1,0,0,26775,135
SUR,2022,2,0,0,55,1
SVK,2020,1,78821,8220,363,1
SVK,2020,2,11257886,201530,1304,28
SVK,2020,3,28191940,248101,8474,20
SVK,2020,4,85915028,925894,264462,2090
SVK,2021,1,386821157,23994341,433273,7581
SVK,2021,2,3220535705,14623173,67135,2791
SVK,2021,3,3759556270,1563902,29361,127
SVK,2021,4,3823994812,0,566710,3998
SVK,2022,1,3829394910,8984401,1072055,2717
SVK,2022,2,658979809,250866,52718,266
SVN,2020,1,235908,21805,802,15
SVN,2020,2,5990653,79893,798,96
SVN,2020,3,15258134,123800,4090,39
SVN,2020,4,39990416,366938,116462,2547
SVN,2021,1,92101848,2089644,93450,1350
SVN,2021,2,353216693,2007021,41733,372
SVN,2021,3,589375368,2838924,36029,142
SVN,2021,4,882319778,4866634,170684,1028
SVN,2022,1,1462154428,5735519,504061,898
SVN,2022,2,236747238,146821,22679,54
SWE,2020,1,427317,36977,4834,385
SWE,2020,2,19610778,457241,63090,5180
SWE,2020,3,81621153,961060,24939,571
SWE,2020,4,231903350,2410389,344516,2843
SWE,2021,1,473373876,3334618,367507,4738
SWE,2021,2,772845255,2261910,285104,1164
SWE,2021,3,870521940,0,62896,239
SWE,2021,4,870521940,0,161898,446
SWE,2022,1,851597550,0,1173068,3055
SWE,2022,2,123008535,0,4128,141
SWZ,2020,1,639,80,9,0
SWZ,2020,2,320378,11014,803,11
SWZ,2020,3,2675135,31740,4670,98
SWZ,2020,4,4904349,38067,3876,96
SWZ,2021,1,11907861,94406,7979,462
SWZ,2021,2,19335308,61090,1747,11
SWZ,2021,3,26631185,124911,26840,542
SWZ,2021,4,36538243,79217,20185,83
SWZ,2022,1,41951694,76057,3662,91
SWZ,2022,2,6768939,6912,243,1
SYC,2020,1,139,16,11,0
SYC,2020,2,28218,688,73,0
SYC,2020,3,280482,4496,61,0
SYC,2020,4,973285,16304,85,0
SYC,2021,1,1935360,0,3889,20
SYC,2021,2,1956864,0,11557,36
SYC,2021,3,1978368,0,5802,56
SYC,2021,4,1978368,0,3315,22
SYC,2022,1,1935360,0,15633,30
SYC,2022,2,279552,0,726,0
SYR,2020,1,0,0,10,2
SYR,2020,2,0,0,269,7
SYR,2020,3,0,0,3921,191
SYR,2020,4,0,0,7234,511
SYR,2021,1,0,0,7475,554
SYR,2021,2,0,0,6606,611
SYR,2021,3,0,0,8690,371
SYR,2021,4,0,0,16073,650
SYR,2022,1,0,0,5417,244
SYR,2022,2,0,0,55,6
TCD,2020,1,0,0,7,0
TCD,2020,2,147067,4633,859,74
TCD,2020,3,1169895,24643,334,11
TCD,2020,4,4449837,34840,913,19
TCD,2021,1,8004522,45122,2420,60
TCD,2021,2,11137833,23126,418,10
TCD,2021,3,13453511,26618,87,0
TCD,2021,4,15695978,21365,665,7
TCD,2022,1,17874289,28998,1607,10
TCD,2022,2,2736920,2731,68,1
TGO,2020,1,0,0,34,1
TGO,2020,2,1138842,30316,616,13
TGO,2020,3,5087738,60186,1134,34
TGO,2020,4,11183887,83140,1849,20
TGO,2021,1,19759707,99714,6616,41
TGO,2021,2,29241375,84443,3668,20
TGO,2021,3,39866425,154949,11512,100
TGO,2021,4,51837889,100338,4734,19
TGO,2022,1,60543615,105656,6776,24
TGO,2022,2,9379682,4263,18,0
THA,2020,1,1524406,48302,1647,10
THA,2020,2,34021242,586932,1520,48
THA,2020,3,81449291,402976,411,1
THA,2020,4,119387831,580797,3320,2
THA,2021,1,229893764,1617390,21979,35
THA,2021,2,523828461,5282856,230438,1929
THA,2021,3,1048292758,5224131,1344174,14704
THA,2021,4,1461876946,3939218,619960,4971
THA,2022,1,1813464551,5146730,1433291,3524
THA,2022,2,298516473,101851,269128,1067
TJK,2020,1,1400,700,0,0
TJK,2020,2,63700,0,5900,52
TJK,2020,3,64400,0,3826,23
TJK,2020,4,64400,0,3939,15
TJK,2021,1,63000,0,49,1
TJK,2021,2,63700,0,191,0
TJK,2021,3,64400,0,3579,34
TJK,2021,4,64400,0,9,0
TJK,2022,1,63000,0,293,0
TJK,2022,2,9100,0,0,0
TLS,2020,1,0,0,1,0
TLS,2020,2,0,0,23,0
TLS,2020,3,0,0,4,0
TLS,2020,4,0,0,16,0
TLS,2021,1,0,0,560,0
TLS,2021,2,0,0,8618,23
TLS,2021,3,0,0,10276,94
TLS,2021,4,0,0,339,5
TLS,2022,1,0,0,2998,8
TLS,2022,2,0,0,14,0
TON,2020,1,0,0,0,0
TON,2020,2,0,0,0,0
TON,2020,3,0,0,0,0
TON,2020,4,0,0,0,0
TON,2021,1,0,0,0,0
TON,2021,2,0,0,0,0
TON,2021,3,0,0,0,0
TON,2021,4,0,0,1,0
TON,2022,1,0,0,6422,7
TON,2022,2,0,0,2136,5
TTO,2020,1,2453,500,87,3
TTO,2020,2,231316,4561,43,5
TTO,2020,3,1479585,25916,4401,68
TTO,2020,4,3561488,39175,2619,51
TTO,2021,1,8046596,38383,876,15
TTO,2021,2,14340959,105389,24767,705
TTO,2021,3,21432849,19251,17916,635
TTO,2021,4,21452100,0,41190,1387
TTO,2022,1,20985750,0,45961,881
TTO,2022,2,3031275,0,2921,37
TUN,2020,1,7993,3752,394,10
TUN,2020,2,3349842,65385,780,40
TUN,2020,3,11407180,160603,17239,215
TUN,2020,4,36892992,351327,120727,4411
TUN,2021,1,79504216,521009,114878,4136
TUN,2021,2,126440466,556468,166085,6147
TUN,2021,3,219458522,1268509,287087,9931
TUN,2021,4,287613996,415795,19516,679
TUN,2022,1,367902098,1179032,309178,2754
TUN,2022,2,58912600,16020,2784,186
TUR,2020,1,523138,92403,13531,214
TUR,2020,2,145452368,3238755,186375,4917
TUR,2020,3,568683312,7049103,118757,3064
TUR,2020,4,1533371320,13397665,1889989,12686
TUR,2021,1,2824460582,14662419,1108530,10656
TUR,2021,2,4593770934,22208918,2108470,18195
TUR,2021,3,6666316619,23414216,1728418,14322
TUR,2021,4,7746509572,0,2328480,18307
TUR,2022,1,8141480476,62794192,5378010,15672
TUR,2022,2,1913096604,262209,111942,429
TWN,2020,1,763206,32726,321,5
TWN,2020,2,5869796,44157,125,2
TWN,2020,3,9075007,117846,70,0
TWN,2020,4,21892977,85430,285,0
TWN,2021,1,34319454,204712,231,3
TWN,2021,2,83317213,1910254,13774,638
TWN,2021,3,405935173,3944728,1419,194
TWN,2021,4,729164752,2943289,806,8
TWN,2022,1,991902076,3499711,6365,3
TWN,2022,2,170878756,700070,5272,1
TZA,2020,1,0,0,19,1
TZA,2020,2,102080,3880,490,20
TZA,2020,3,356960,0,0,0
TZA,2020,4,356960,0,0,0
TZA,2021,1,349200,0,0,0
TZA,2021,2,353080,0,0,0
TZA,2021,3,11634344,293289,25337,29
TZA,2021,4,27339548,0,3460,687
TZA,2022,1,34482840,158607,4509,63
TZA,2022,2,5925088,0,36,3
UGA,2020,1,5378,1271,44,0
UGA,2020,2,6443029,184929,950,0
UGA,2020,3,30177582,293837,7240,75
UGA,2020,4,54762828,252292,27087,176
UGA,2021,1,76088340,207817,5651,84
UGA,2021,2,98564154,363363,39110,688
UGA,2021,3,137154363,380723,43595,2133
UGA,2021,4,173516570,443534,17165,144
UGA,2022,1,214546785,427837,23168,302
UGA,2022,2,33407497,35058,107,0
UKR,2020,1,17911,2642,645,17
UKR,2020,2,22717850,653480,44609,1156
UKR,2020,3,123522697,1622126,169192,3048
UKR,2020,4,360129484,3194741,872551,15060
UKR,2021,1,596884033,2629455,638032,15175
UKR,2021,2,885816781,2720231,575072,20125
UKR,2021,3,1078356362,1989534,233200,5399
UKR,2021,4,1385041891,3894867,1313925,42108
UKR,2022,1,1663553541,2564089,1193292,10371
UKR,2022,2,250754699,0,0,0
URY,2020,1,14562,1538,338,1
URY,2020,2,2901257,64088,619,26
URY,2020,3,12982610,170629,1110,21
URY,2020,4,34802471,328952,17073,133
URY,2021,1,83848106,787727,86430,793
URY,2021,2,183542402,1223733,263801,4619
URY,2021,3,294614789,965339,19578,462
URY,2021,4,364797261,837854,24455,115
URY,2022,1,475854085,1624285,474552,989
URY,2022,2,78587595,68467,6695,27
USA,2020,1,6365246,1048971,192078,5359
USA,2020,2,1159813951,30508436,2453009,122006
USA,2020,3,6062319944,71597782,4594982,78507
USA,2020,4,15651448961,141188112,12951389,143982
USA,2021,1,29707881560,156105671,10371592,198180
USA,2021,2,41559647889,95436203,3213651,52673
USA,2021,3,49994013979,116175466,9750027,95421
USA,2021,4,62654152763,142352457,11308668,128186
USA,2022,1,76281980015,149651733,25271906,156471
USA,2022,2,11815966751,10768702,370494,5602
UZB,2020,1,25863,22150,172,2
UZB,2020,2,20853550,348850,8331,24
UZB,2020,3,115423000,1029000,48214,444
UZB,2020,4,128800000,0,20343,144
UZB,2021,1,126000000,0,5809,15
UZB,2021,2,127400000,0,27808,107
UZB,2021,3,128800000,0,63218,503
UZB,2021,4,128800000,0,25008,246
UZB,2022,1,126000000,0,38846,152
UZB,2022,2,18200000,0,349,0
VAT,2020,1,0,0,6,0
VAT,2020,2,0,0,6,0
VAT,2020,3,0,0,0,0
VAT,2020,4,0,0,15,0
VAT,2021,1,0,0,0,0
VAT,2021,2,0,0,0,0
VAT,2021,3,0,0,0,0
VAT,2021,4,0,0,0,0
VAT,2022,1,0,0,2,0
VAT,2022,2,0,0,0,0
VCT,2020,1,0,0,1,0
VCT,2020,2,40082,1834,28,0
VCT,2020,3,181584,3265,35,0
VCT,2020,4,515028,574,57,0
VCT,2021,1,2205537,34595,1627,10
VCT,2021,2,4125740,14987,477,2
VCT,2021,3,5161711,876,1283,9
VCT,2021,4,5164052,0,2342,60
VCT,2022,1,5051790,0,4029,25
VCT,2022,2,729703,0,9,0
VEN,2020,1,1779,1779,135,3
VEN,2020,2,53126782,1127397,5697,54
VEN,2020,3,126519914,818972,69290,577
VEN,2020,4,184155073,458459,38436,400
VEN,2021,1,244127989,751181,46939,574
VEN,2021,2,288039860,21286,112215,1517
VEN,2021,3,292474808,0,96256,1350
VEN,2021,4,292474808,0,75667,859
VEN,2022,1,286116660,0,75738,354
VEN,2022,2,41327962,0,1173,14
VNM,2020,1,416363,35808,212,0
VNM,2020,2,20217436,225196,143,0
VNM,2020,3,37747709,453686,739,36
VNM,2020,4,69543342,45031,371,0
VNM,2021,1,114350690,1839032,1138,0
VNM,2021,2,258984473,284137,14449,46
VNM,2021,3,265225880,0,773703,19220
VNM,2021,4,265225880,0,940502,13093
VNM,2022,1,259460100,0,7833352,10283
VNM,2022,2,37477570,0,708355,365
VUT,2020,1,0,0,0,0
VUT,2020,2,0,0,0,0
VUT,2020,3,0,0,0,0
VUT,2020,4,0,0,1,0
VUT,2021,1,0,0,2,0
VUT,2021,2,0,0,1,1
VUT,2021,3,0,0,0,0
VUT,2021,4,0,0,3,0
VUT,2022,1,0,0,3372,1
VUT,2022,2,0,0,2157,4
WSM,2020,1,0,0,0,0
WSM,2020,2,0,0,0,0
WSM,2020,3,0,0,0,0
WSM,2020,4,0,0,2,0
WSM,2021,1,0,0,1,0
WSM,2021,2,0,0,0,0
WSM,2021,3,0,0,0,0
WSM,2021,4,0,0,0,0
WSM,2022,1,0,0,1710,0
WSM,2022,2,0,0,2379,9
XK,2020,1,1267,1267,0,0
XK,2020,2,913665,22513,0,0
XK,2020,3,3974336,44094,0,0
XK,2020,4,10915414,115639,0,0
XK,2021,1,24742183,238867,0,0
XK,2021,2,51127827,245490,0,0
XK,2021,3,70116123,141316,0,0
XK,2021,4,114046344,566533,0,0
XK,2022,1,148902266,423438,0,0
XK,2022,2,23462339,10754,0,0
XKX,2020,1,0,0,106,1
XKX,2020,2,0,0,2693,48
XKX,2020,3,0,0,12821,576
XKX,2020,4,0,0,35524,707
XKX,2021,1,0,0,38037,534
XKX,2021,2,0,0,18577,396
XKX,2021,3,0,0,52314,691
XKX,2021,4,0,0,1412,37
XKX,2022,1,0,0,65987,144
XKX,2022,2,0,0,295,4
YEM,2020,1,0,0,0,0
YEM,2020,2,0,0,1158,312
YEM,2020,3,0,0,877,275
YEM,2020,4,0,0,65,23
YEM,2021,1,0,0,2258,278
YEM,2021,2,0,0,2563,473
YEM,2021,3,0,0,2147,360
YEM,2021,4,0,0,1059,263
YEM,2022,1,0,0,1680,159
YEM,2022,2,0,0,8,4
ZAF,2020,1,277554,41072,1353,5
ZAF,2020,2,26137246,361946,149856,2652
ZAF,2020,3,273032807,3784899,523130,14077
ZAF,2020,4,473755290,2227907,382822,11735
ZAF,2021,1,763772985,3429011,490996,24377
ZAF,2021,2,1019157827,3067993,425815,7801
ZAF,2021,3,1429725313,4691085,928700,26979
ZAF,2021,4,1760359846,3537802,555614,3519
ZAF,2022,1,2033719485,2667629,260667,9115
ZAF,2022,2,311518578,261961,14966,84
ZMB,2020,1,0,0,35,0
ZMB,2020,2,1737558,53370,1559,24
ZMB,2020,3,9139910,100844,13165,308
ZMB,2020,4,26740218,403258,5966,56
ZMB,2021,1,83740843,694518,67693,820
ZMB,2021,2,136721431,584428,66530,991
ZMB,2021,3,199949670,613701,54098,1449
ZMB,2021,4,245448594,493218,45228,86
ZMB,2022,1,288576254,414174,62576,232
ZMB,2022,2,43845313,29351,954,2
ZWE,2020,1,1315,274,8,1
ZWE,2020,2,2495186,66438,589,6
ZWE,2020,3,8087848,-3527,7247,221
ZWE,2020,4,14090885,164393,6029,135
ZWE,2021,1,30299482,211642,23015,1160
ZWE,2021,2,49267305,314866,12982,266
ZWE,2021,3,105245123,642390,80956,2834
ZWE,2021,4,144856631,432971,82438,381
ZWE,2022,1,182179041,356320,33028,440
ZWE,2022,2,28612892,30480,808,16